url,category_code,subcategory_code,secondary_category_code,date_added,source,notes
https://dapmalaysia.org/,POLT,POLITICAL,,2017-01-24,Berkman Klein,Main website of the largest oposition party in Malaysia
http://www.dapsy.org/,POLT,POLITICAL,,2017-01-24,Berkman Klein,Youth wing of the largest oposition party in Malaysia
http://www.keadilandaily.com/,POLT,POLITICAL,,2017-01-24,Berkman Klein,News website of oposition party in Malaysia
http://mahasiswakeadilan.org/,POLT,POLITICAL,,2017-01-24,Berkman Klein,Student wing of PKR
http://www.amkmalaysia.com/,POLT,POLITICAL,,2017-01-24,Berkman Klein,Youth wing of PKR
http://www.keadilanrakyat.org/,POLT,POLITICAL,,2017-01-24,Berkman Klein,Main website of PKR/oposition party in Malaysia
https://www.themalaysianinsider.com/,FEXP,FREE EXPRESSION & ADVOCACY,,2017-01-24,Berkman Klein,It been targeted last year because of news about Hudud or moslem law
http://www.sarawakreport.org/,NEWS,NEWS AND MEDIA,,2017-01-24,Berkman Klein,"Blocked before under ""disrupting national stability“ reason"
http://www.asiasentinel.com/,NEWS,NEWS AND MEDIA,,2017-01-24,Berkman Klein,For not taking down a Sarawak Report article (Official reason)
https://medium.com/,NEWS,NEWS AND MEDIA,,2017-01-24,Berkman Klein,For not taking down a Sarawak Report article (Official reason)
http://www.malaysia-chronicle.com/,NEWS,NEWS AND MEDIA,,2017-01-24,Berkman Klein,It got blocked exposing PM Najib case of corruption
http://jinggo-fotopages.blogspot.co.id/,FEXP,FREE EXPRESSION & ADVOCACY,,2017-01-24,Berkman Klein,"Crictical opinion, cartoon and mock up photos"
http://syedsoutsidethebox.blogspot.my/,FEXP,FREE EXPRESSION & ADVOCACY,,2017-01-24,Berkman Klein,critical blog
http://ilga.org/ilga/en/organisations/ILGA%20ASIA,GAYL,GAY-LESBIAN,,2017-01-24,Berkman Klein,LGBT website
http://www.asiamedia.ucla.edu/,FEXP,FREE EXPRESSION & ADVOCACY,,2017-01-24,Berkman Klein,
http://www.asiabynight.com/malaysia/friends/default.asp,DATE,DATING,,2017-01-24,Berkman Klein,
http://www.btimes.com.my/,XED,SEX EDUCATION & FAMILY PLANNING,,2017-01-24,Berkman Klein,
http://bet365.com/,GAME,GAMING,,2017-01-24,Berkman Klein,
https://thepiratebay.se/,SFTWR,SOFTWARE DOWNLOADS,,2017-01-24,Berkman Klein,
https://kat.cr/,SFTWR,SOFTWARE DOWNLOADS,,2017-01-24,Berkman Klein,
https://zenmate.com/products/vpn-extension-for-chrome/,ANON,ANONYMIZERS & CIRCUMVENTION,,2017-01-24,Berkman Klein,https://chrome.google.com/webstore/detail/zenmate-vpn-best-cyber-se/fdcgdnkidjaadafnichfpabhfomcebme?hl=en
http://www.gaywired.com/,GAYL,GAY-LESBIAN,,2017-01-24,Berkman Klein,LGBT website
http://www.jaring.my/,VOIP,VOICE OVER INTERNET PROTOCOL,,2017-01-24,Berkman Klein,
http://www.mgdc.com.my/forum/,GAME,GAMING,,2017-01-24,Berkman Klein,
http://www.komas.org/voter_education.html,FEXP,FREE EXPRESSION & ADVOCACY,,2017-01-24,Berkman Klein,
http://www.mmail.com.my/,FEXP,FREE EXPRESSION & ADVOCACY,,2017-01-24,Berkman Klein,
http://www.forplu.com/,GAYL,GAY-LESBIAN,,2017-01-24,Berkman Klein,
http://www.sikhs.org.my/,MINR,MINORITY RIGHTS & ETHNIC CONTENT,,2017-01-24,Berkman Klein,
http://www.sabah.net.my/PACOS/,MINR,MINORITY RIGHTS & ETHNIC CONTENT,,2017-01-24,Berkman Klein, supporting indigenous communities in Sabah
http://www.goodasyou.org/,GAYL,GAY-LESBIAN,,2017-01-24,Berkman Klein,
http://www.xratedasianporn.com/,PORN,PORNOGRAPHY,,2017-01-24,Berkman Klein,
https://www.3cx.com/,VOIP,VOICE OVER INTERNET PROTOCOL,,2017-01-24,Berkman Klein,
https://www.mywebfon.com/,VOIP,VOICE OVER INTERNET PROTOCOL,,2017-01-24,Berkman Klein,
http://news.asiaone.com/source/straits-times,FEXP,FREE EXPRESSION & ADVOCACY,,2017-01-24,Berkman Klein,
http://www.dating.com/,DATE,DATING,,2017-01-24,Berkman Klein,
http://www.ifj.org/regions/asia-pacific,FEXP,FREE EXPRESSION & ADVOCACY,,2017-01-24,Berkman Klein,
http://bebasmedia.tripod.com/,FEXP,FREE EXPRESSION & ADVOCACY,,2017-01-24,Berkman Klein,
http://blogsome.com/,HOST,WEB HOSTING SITES & PORTALS,,2017-01-24,Berkman Klein,
https://www.hrw.org/english/docs/2005/01/13/malays9822.htm,HUMR,HUMAN RIGHTS,,2017-01-24,Berkman Klein,Reports of Malaysian human rights violations
https://www.hrw.org/news/2016/01/27/malaysia-crackdown-rights-intensifies,HUMR,HUMAN RIGHTS,,2017-01-24,Berkman Klein,Reports of Malaysian human rights violations
http://bravingkl.blogspot.com/,GAYL,GAY-LESBIAN,,2017-01-24,Berkman Klein,
http://brimas.www1.50megs.com/,ENV,ENVIRONMENT,,2017-01-24,Berkman Klein, indigenous non-profit organisation working at the grass roots level in Sarawak
http://asiafriendfinder.com/,DATE,DATING,,2017-01-24,Berkman Klein,
http://en.wikipedia.org/wiki/Status_of_religious_freedom_in_Malaysia,REL,"RELIGIOUS CONVERSION, COMMENTARY, AND CRITICISM:",,2017-01-24,Berkman Klein,
http://www.msn.com/en-my,EMAIL,FREE EMAIL,,2017-01-24,Berkman Klein,
http://ms.wikipedia.org/wiki/Laman_Utama,FEXP,FREE EXPRESSION & ADVOCACY,,2017-01-24,Berkman Klein,
http://seapa.wordpress.com/,FEXP,FREE EXPRESSION & ADVOCACY,,2017-01-24,Berkman Klein,
http://mt.m2day.org/,POLT,POLITICAL,,2017-01-24,Berkman Klein,
http://sarawak-national-party.blogspot.com/,POLT,POLITICAL,,2017-01-24,Berkman Klein,local party
http://www.bbc.com/news/world/asia_pacific,FEXP,FREE EXPRESSION & ADVOCACY,,2017-01-24,Berkman Klein,
http://skandal.blogspot.com/,POLT,POLITICAL,,2017-01-24,Berkman Klein,
http://sloone.wordpress.com/,POLT,POLITICAL,,2017-01-24,Berkman Klein,
http://betasia.com/,GMB,GAMBLING,,2017-01-24,Berkman Klein,
http://www.othermalaysia.org/,FEXP,FREE EXPRESSION & ADVOCACY,,2017-01-24,Berkman Klein,
http://tabulas.co/,HOST,WEB HOSTING SITES & PORTALS,,2017-01-24,Berkman Klein,
http://bolehblogs.insatiably.net/,HOST,WEB HOSTING SITES & PORTALS,,2017-01-24,Berkman Klein,
http://merdekareview.com/roundcube/,POLT,POLITICAL,,2017-01-24,Berkman Klein,
http://elizabethwong.wordpress.com/,POLT,POLITICAL,,2017-01-24,Berkman Klein,
http://onglinepodcast.com/,GAYL,GAY-LESBIAN,,2017-01-24,Berkman Klein,
http://bbs.buysell.net.my/,P2P,P2P FILE SHARING NETWORKS AND SOFTWARE,,2017-01-24,Berkman Klein,
http://www.malaysia-today.net/2008/,POLT,POLITICAL,,2017-01-24,Berkman Klein,
https://www.cpj.org/,FEXP,FREE EXPRESSION & ADVOCACY,,2017-01-24,Berkman Klein,South East Asia website for freedom of expression
http://safenetvoice.org/,FEXP,FREE EXPRESSION & ADVOCACY,,2017-01-24,Berkman Klein,"International Anti Corruption organization, many article about Malaysia"
https://www.g25malaysia.org/,FEXP,FREE EXPRESSION & ADVOCACY,,2017-01-24,Berkman Klein,https://www.g25malaysia.org/single-post/2016/03/02/Breaking-Our-Silence
http://www.abc.net.au/,FEXP,FREE EXPRESSION & ADVOCACY,,2017-01-24,Berkman Klein,
http://hindraf.com/,MINR,MINORITY RIGHTS & ETHNIC CONTENT,,2017-01-24,Berkman Klein,Indian minority website
http://mercumaya.net/,HOST,WEB HOSTING SITES & PORTALS,,2017-01-24,Berkman Klein,
https://en.wikipedia.org/wiki/Bersih_5_rally,POLT,POLITICAL,,2017-01-24,Berkman Klein,overment tried to banned Bersih logo https://en.wikipedia.org/wiki/File:Bersih_5_Logo.jpg
http://www.answering-islam.org/,FEXP,FREE EXPRESSION & ADVOCACY,,2017-01-24,Berkman Klein,critical to Islam
https://freedomhouse.org/template.cfm?ccrcountry=134&ccrpage=31&edition=7&page=140,HUMR,HUMAN RIGHTS,,2017-01-24,Berkman Klein,
http://forum.lowyat.net/i,CLOUD,CLOUD SERVICES,,2017-01-24,Berkman Klein,
http://adb.org/,DEV,ECONOMIC DEVELOPMENT,,2017-01-24,Berkman Klein,
http://virtualfriends.net/,PLATFORM,SOCIAL MEDIA AND USER-GENERATED CONTENT PLATFORMS,,2017-01-24,Berkman Klein,
http://www.arrc-hre.com/,HUMR,HUMAN RIGHTS,,2017-01-24,Berkman Klein,
http://www.centre.com.my/,SRCH,SEARCH ENGINES,,2017-01-24,Berkman Klein,
http://forum.lowyat.net/,P2P,P2P FILE SHARING NETWORKS AND SOFTWARE,,2017-01-24,Berkman Klein,
http://www.amrc.org.hk/,MINR,MINORITY RIGHTS & ETHNIC CONTENT,,2017-01-24,Berkman Klein,
http://www.atimes.com/se-asia/se-asia.html,FEXP,FREE EXPRESSION & ADVOCACY,,2017-01-24,Berkman Klein,
http://www.asianpacificpost.com/,FEXP,FREE EXPRESSION & ADVOCACY,,2017-01-24,Berkman Klein,
http://www.bangkokbangers.com/,PORN,PORNOGRAPHY,,2017-01-24,Berkman Klein,
http://anwaribrahimblog.com/,POLT,POLITICAL,,2017-01-24,Berkman Klein,
http://www.asiantribune.com/,FEXP,FREE EXPRESSION & ADVOCACY,,2017-01-24,Berkman Klein,
http://aimalaysia.org/,HUMR,HUMAN RIGHTS,,2017-01-24,Berkman Klein,
http://www.asiabynight.com/,DATE,DATING,,2017-01-24,Berkman Klein,
http://www.asianmigrantcentre.org/,HUMR,HUMAN RIGHTS,,2017-01-24,Berkman Klein,
https://www.amnesty.org/en/countries/asia-and-the-pacific/malaysia/,HUMR,HUMAN RIGHTS,,2017-01-24,Berkman Klein,
https://wn.com/asia___daily,FEXP,FREE EXPRESSION & ADVOCACY,,2017-01-24,Berkman Klein,
http://www.appletree.com.my/,VOIP,VOICE OVER INTERNET PROTOCOL,,2017-01-24,Berkman Klein,
http://www.casinocity.com/,GMB,GAMBLING,,2017-01-24,Berkman Klein,
http://prn.usm.my/,PUBH,PUBLIC HEALTH,,2017-01-24,Berkman Klein,
http://www.arrow.org.my/,WOMR,WOMEN'S RIGHTS,,2017-01-24,Berkman Klein,
http://www.cijmalaysia.org/,FEXP,FREE EXPRESSION & ADVOCACY,,2017-01-24,Berkman Klein,
http://www.bismikaallahuma.org/,REL,"RELIGIOUS CONVERSION, COMMENTARY, AND CRITICISM:",,2017-01-24,Berkman Klein,
https://wn.com/asia_pacific_news,FEXP,FREE EXPRESSION & ADVOCACY,,2017-01-24,Berkman Klein,
http://cfan.org/,REL,"RELIGIOUS CONVERSION, COMMENTARY, AND CRITICISM:",,2017-01-24,Berkman Klein,
http://www.asiafoundation.org/,POLT,POLITICAL,,2017-01-24,Berkman Klein,
http://www.cari.com.my/,SRCH,SEARCH ENGINES,,2017-01-24,Berkman Klein,
http://www.dailyexpress.com.my/,FEXP,FREE EXPRESSION & ADVOCACY,,2017-01-24,Berkman Klein,
http://www.chinapress.com.my/,FEXP,FREE EXPRESSION & ADVOCACY,,2017-01-24,Berkman Klein,
http://www.cetdem.org.my/wordpress/,ENV,ENVIRONMENT,,2017-01-24,Berkman Klein,
http://www.bharian.com.my/,FEXP,FREE EXPRESSION & ADVOCACY,,2017-01-24,Berkman Klein,
http://www.cawinfo.org/,WOMR,WOMEN'S RIGHTS,,2017-01-24,Berkman Klein,
http://www.exabytes.com/,HOST,WEB HOSTING SITES & PORTALS,,2017-01-24,Berkman Klein,
http://www.ecologyasia.com/,ENV,ENVIRONMENT,,2017-01-24,Berkman Klein,
http://www.church.com.my/,MINR,MINORITY RIGHTS & ETHNIC CONTENT,,2017-01-24,Berkman Klein,
http://www.casinocity.com/my/cities.html,GMB,GAMBLING,,2017-01-24,Berkman Klein,
http://apwld.org/,WOMR,WOMEN'S RIGHTS,,2017-01-24,Berkman Klein,
http://fc2femalecondom.com/,XED,SEX EDUCATION & FAMILY PLANNING,,2017-01-24,Berkman Klein,
http://www.awam.org.my/,WOMR,WOMEN'S RIGHTS,,2017-01-24,Berkman Klein,
http://www.agendadaily.com/,FEXP,FREE EXPRESSION & ADVOCACY,,2017-01-24,Berkman Klein,
http://www.abu.org.my/,POLT,POLITICAL,,2017-01-24,Berkman Klein,
https://www.instagram.com/kuasasiswa/,FEXP,FREE EXPRESSION & ADVOCACY,,2017-01-24,Berkman Klein,Malaysian Human Rights Activist and artist
http://www.imgrum.net/user/kuasasiswa/,FEXP,FREE EXPRESSION & ADVOCACY,,2017-01-24,Berkman Klein,Malaysian Human Rights Activist and artist
https://ms.wikipedia.org/,FEXP,FREE EXPRESSION & ADVOCACY,,2017-01-24,Berkman Klein,
http://malaysia-today.net/,FEXP,FREE EXPRESSION & ADVOCACY,,2017-01-24,Berkman Klein,
http://www.depdc.org/,WOMR,WOMEN'S RIGHTS,,2017-01-24,Berkman Klein,
http://www.feefo.tv/agen3r.html,XED,SEX EDUCATION & FAMILY PLANNING,,2017-01-24,Berkman Klein,
http://www.globalgayz.com/,GAYL,GAY-LESBIAN,,2017-01-24,Berkman Klein,
https://www.jihadwatch.org/,REL,"RELIGIOUS CONVERSION, COMMENTARY, AND CRITICISM:",,2017-01-24,Berkman Klein,
http://www.dragonraja.com.my/,GAME,GAMING,,2017-01-24,Berkman Klein,
http://www.gayrice.com/,GAYL,GAY-LESBIAN,,2017-01-24,Berkman Klein,
http://www.harakahdaily.net/,FEXP,FREE EXPRESSION & ADVOCACY,,2017-01-24,Berkman Klein,
http://www.cpps.org.my/,POLT,POLITICAL,,2017-01-24,Berkman Klein,
http://www.forum-asia.org/,HUMR,HUMAN RIGHTS,,2017-01-24,Berkman Klein,
http://www.guangming.com.my/,FEXP,FREE EXPRESSION & ADVOCACY,,2017-01-24,Berkman Klein,
http://www.hackinthebox.org/,HACK,HACKING,,2017-01-24,Berkman Klein,
http://www.harapanmalaysia.com/,POLT,POLITICAL,,2017-01-24,Berkman Klein,
http://www.fridae.com/,GAYL,GAY-LESBIAN,,2017-01-24,Berkman Klein,
http://www.bic.org.my/,PUBH,PUBLIC HEALTH,,2017-01-24,Berkman Klein,
https://www.hrw.org/en/asia/malaysia,HUMR,HUMAN RIGHTS,,2017-01-24,Berkman Klein,Reports of Malaysian human rights violations
http://www.irrawaddy.org/,FEXP,FREE EXPRESSION & ADVOCACY,,2017-01-24,Berkman Klein,
http://www.coac.org.my/,MINR,MINORITY RIGHTS & ETHNIC CONTENT,,2017-01-24,Berkman Klein,support indigenous cause
http://www.globalgayz.com/asia/malaysia/,GAYL,GAY-LESBIAN,,2017-01-24,Berkman Klein,
http://www.genting.com.my/,GAME,GAMING,,2017-01-24,Berkman Klein,
http://www.hivpolicy.org/,PUBH,PUBLIC HEALTH,,2017-01-24,Berkman Klein,
http://www.ensearch.org/,ENV,ENVIRONMENT,,2017-01-24,Berkman Klein,
http://www.humanrights.asia/,HUMR,HUMAN RIGHTS,,2017-01-24,Berkman Klein,
http://www.channelnewsasia.com/,FEXP,FREE EXPRESSION & ADVOCACY,,2017-01-24,Berkman Klein,
http://www.malaysiakini.com/,FEXP,FREE EXPRESSION & ADVOCACY,,2017-01-24,Berkman Klein,
http://search.malaysiadirectory.com/,SRCH,SEARCH ENGINES,,2017-01-24,Berkman Klein,
http://www.jeffooi.com/,FEXP,FREE EXPRESSION & ADVOCACY,,2017-01-24,Berkman Klein,
http://www.gerakan.org.my/,POLT,POLITICAL,,2017-01-24,Berkman Klein,
http://www.ewrf.org.my/,MINR,MINORITY RIGHTS & ETHNIC CONTENT,,2017-01-24,Berkman Klein,
http://www.aliran.com/,FEXP,FREE EXPRESSION & ADVOCACY,,2017-01-24,Berkman Klein,independent site
http://www.metrodate.com/,DATE,DATING,,2017-01-24,Berkman Klein,dating site
http://www.mac.org.my/v3/,PUBH,PUBLIC HEALTH,,2017-01-24,Berkman Klein,
http://www.linguamatix.com/,TRNS,TRANSLATION,,2017-01-24,Berkman Klein,
http://www.dateinasia.com/,DATE,DATING,,2017-01-24,Berkman Klein,
http://www.mesra.net/,SRCH,SEARCH ENGINES,,2017-01-24,Berkman Klein,
http://www.mfasia.org/,HUMR,HUMAN RIGHTS,,2017-01-24,Berkman Klein,Migrants in Malaysia website
http://bersih.org/,POLT,POLITICAL,,2017-01-24,Berkman Klein,opossition and critical to Government
http://www.hati.my/,MINR,MINORITY RIGHTS & ETHNIC CONTENT,,2017-01-24,Berkman Klein,
http://www.mns.my/,ENV,ENVIRONMENT,,2017-01-24,Berkman Klein,
http://www.msf.org/msfinternational/countries/asia/index.cfm,PUBH,PUBLIC HEALTH,,2017-01-24,Berkman Klein,
http://www.mol.com/,GAME,GAMING,,2017-01-24,Berkman Klein,
http://www.healthtoday.net/,PUBH,PUBLIC HEALTH,,2017-01-24,Berkman Klein,
http://www.nst.com.my/,FEXP,FREE EXPRESSION & ADVOCACY,,2017-01-24,Berkman Klein,
http://newsweek.com/,FEXP,FREE EXPRESSION & ADVOCACY,,2017-01-24,Berkman Klein,
http://www.mic.org.my/,POLT,POLITICAL,,2017-01-24,Berkman Klein,
http://www.ilo.org/public/english/region/asro/bangkok/child/trafficking/index.htm,WOMR,WOMEN'S RIGHTS,,2017-01-24,Berkman Klein,
http://www.parti-sosialis.org/,POLT,POLITICAL,,2017-01-24,Berkman Klein,Left wing website
http://www.parti-pas.org/,POLT,POLITICAL,,2017-01-24,Berkman Klein,One of big opossition website
http://mail.malaysia.com/,EMAIL,FREE EMAIL,,2017-01-24,Berkman Klein,
http://www.persecution.org/,MINR,MINORITY RIGHTS & ETHNIC CONTENT,,2017-01-24,Berkman Klein,
http://www.orientaldaily.com.my/,FEXP,FREE EXPRESSION & ADVOCACY,,2017-01-24,Berkman Klein,
http://www.publiuspundit.com/,HUMR,HUMAN RIGHTS,,2017-01-24,Berkman Klein,
http://www.petitiononline.com/,FEXP,FREE EXPRESSION & ADVOCACY,,2017-01-24,Berkman Klein,
http://www.mca.org.my/,POLT,POLITICAL,,2017-01-24,Berkman Klein,
http://www.hindusangam.org.my/,MINR,MINORITY RIGHTS & ETHNIC CONTENT,,2017-01-24,Berkman Klein,
http://www.mtuc.org.my/,POLT,POLITICAL,,2017-01-24,Berkman Klein,
http://www.iwraw-ap.org/,WOMR,WOMEN'S RIGHTS,,2017-01-24,Berkman Klein,
http://www.petitiononline.com/foiMsia/petition.html,FEXP,FREE EXPRESSION & ADVOCACY,,2017-01-24,Berkman Klein,
http://www.malaysianbar.org.my/,HUMR,HUMAN RIGHTS,,2017-01-24,Berkman Klein,
http://www.mengo.org/,ENV,ENVIRONMENT,,2017-01-24,Berkman Klein,
http://www.komas.org/,FEXP,FREE EXPRESSION & ADVOCACY,,2017-01-24,Berkman Klein,NGO & political organization
http://www.searo.who.int/en/,PUBH,PUBLIC HEALTH,,2017-01-24,Berkman Klein,
http://www.latexgift.com/,PROV,PROVOCATIVE ATTIRE,,2017-01-24,Berkman Klein,
http://www.sapp.org.my/,POLT,POLITICAL,,2017-01-24,Berkman Klein,
https://new.medicine.com.my/,XED,SEX EDUCATION & FAMILY PLANNING,,2017-01-24,Berkman Klein,
http://www.sajasearch.com/,SRCH,SEARCH ENGINES,,2017-01-24,Berkman Klein,
http://mykamus.com/free/,TRNS,TRANSLATION,,2017-01-24,Berkman Klein,
http://www.ptfmalaysia.org/,PUBH,PUBLIC HEALTH,,2017-01-24,Berkman Klein,
http://www.necf.org.my/,MINR,MINORITY RIGHTS & ETHNIC CONTENT,,2017-01-24,Berkman Klein,
http://www.nasioncom.com.my/,COMM,COMMERCIAL SITES,,2017-01-24,Berkman Klein,
http://www.secularislam.org/,REL,"RELIGIOUS CONVERSION, COMMENTARY, AND CRITICISM:",,2017-01-24,Berkman Klein,critical to Islam
http://www.seapa.org/,FEXP,FREE EXPRESSION & ADVOCACY,,2017-01-24,Berkman Klein,
http://www.terrorismfiles.org/organisations/harakat_ul-mujahideen.html,MILX,"MILITANTS, EXTREMISTS & SEPARATISTS",,2017-01-24,Berkman Klein,
http://www.pbs-sabah.org/,POLT,POLITICAL,,2017-01-24,Berkman Klein,
http://www.suaram.net/,HUMR,HUMAN RIGHTS,,2017-01-24,Berkman Klein,Reports and news about human rights violations
http://www.singapore-window.org/,FEXP,FREE EXPRESSION & ADVOCACY,,2017-01-24,Berkman Klein,
http://www.pht.org.my/,HAL,"SENSITIVE OR CONTROVERSIAL HISTORY, ARTS & LITERATURE",,2017-01-24,Berkman Klein,
http://www.theedgedaily.com/,FEXP,FREE EXPRESSION & ADVOCACY,,2017-01-24,Berkman Klein,
http://www.theultimateinsult.blogspot.com/,REL,"RELIGIOUS CONVERSION, COMMENTARY, AND CRITICISM:",,2017-01-24,Berkman Klein,
http://www.time.com/,FEXP,FREE EXPRESSION & ADVOCACY,,2017-01-24,Berkman Klein,
http://www.thestar.com.my/,FEXP,FREE EXPRESSION & ADVOCACY,,2017-01-24,Berkman Klein,
http://www.sinchew-i.com/,FEXP,FREE EXPRESSION & ADVOCACY,,2017-01-24,Berkman Klein,
http://www.tenaganita.net/,FEXP,FREE EXPRESSION & ADVOCACY,,2017-01-24,Berkman Klein,Migrant news
http://time.com/world/,FEXP,FREE EXPRESSION & ADVOCACY,,2017-01-24,Berkman Klein,
http://www.sun2surf.com/,FEXP,FREE EXPRESSION & ADVOCACY,,2017-01-24,Berkman Klein,
http://www.seri.com.my/,ENV,ENVIRONMENT,,2017-01-24,Berkman Klein,
http://www.trikone.org/,GAYL,GAY-LESBIAN,,2017-01-24,Berkman Klein,
http://www.siddha.com.my/,MINR,MINORITY RIGHTS & ETHNIC CONTENT,,2017-01-24,Berkman Klein,
http://www.tjc.org.my/,MINR,MINORITY RIGHTS & ETHNIC CONTENT,,2017-01-24,Berkman Klein,
http://www.turfonline.com/,GAME,GAMING,,2017-01-24,Berkman Klein,
http://www.suhakam.org.my/,HUMR,HUMAN RIGHTS,,2017-01-24,Berkman Klein,
http://www.thinkcentre.org/,HUMR,HUMAN RIGHTS,,2017-01-24,Berkman Klein,
http://www.unicef.org/infobycountry/malaysia_30873.html,XED,SEX EDUCATION & FAMILY PLANNING,,2017-01-24,Berkman Klein,sexuality
http://www.utopia-asia.com/,GAYL,GAY-LESBIAN,,2017-01-24,Berkman Klein,
http://www.ushaaqallah.com/,REL,"RELIGIOUS CONVERSION, COMMENTARY, AND CRITICISM:",,2017-01-24,Berkman Klein,
http://www.unodc.org/southeastasiaandpacific/,PUBH,PUBLIC HEALTH,,2017-01-24,Berkman Klein,
http://fes.org.my/,MINR,MINORITY RIGHTS & ETHNIC CONTENT,,2017-01-24,Berkman Klein,
http://www.unaids.org/en/regionscountries/countries/malaysia/,PUBH,PUBLIC HEALTH,,2017-01-24,Berkman Klein,
http://www.sistersinislam.org.my/,WOMR,WOMEN'S RIGHTS,,2017-01-24,Berkman Klein,critical to Islam or has different view
http://www.persecution.org/category/countries/asia/malaysia/,MINR,MINORITY RIGHTS & ETHNIC CONTENT,,2017-01-24,Berkman Klein,
http://www.trees.org.my/,ENV,ENVIRONMENT,,2017-01-24,Berkman Klein,
http://www.wsws.org/,FEXP,FREE EXPRESSION & ADVOCACY,,2017-01-24,Berkman Klein,left wing website
http://www.1supp.org.my/main/,POLT,POLITICAL,,2017-01-24,Berkman Klein,
http://www.yawa.org/,GAME,GAMING,,2017-01-24,Berkman Klein,
http://www.wao.org.my/,WOMR,WOMEN'S RIGHTS,,2017-01-24,Berkman Klein,
http://www.zdnet.com/,FEXP,FREE EXPRESSION & ADVOCACY,,2017-01-24,Berkman Klein,
http://www.usj.com.my/,PLATFORM,SOCIAL MEDIA AND USER-GENERATED CONTENT PLATFORMS,,2017-01-24,Berkman Klein,
http://www.webhosting.com.my/,HOST,WEB HOSTING SITES & PORTALS,,2017-01-24,Berkman Klein,
http://www.jerit.org/,POLT,POLITICAL,,2017-01-24,Berkman Klein,
http://www.sms.com.my/undp-united-nations-development-programme.html,XED,SEX EDUCATION & FAMILY PLANNING,,2017-01-24,Berkman Klein,
http://www.reach.org.my/,ENV,ENVIRONMENT,,2017-01-24,Berkman Klein,
http://www.womenforpeaceandjustice.org/,WOMR,WOMEN'S RIGHTS,,2017-01-24,Berkman Klein,
http://www.unescap.org/,DEV,ECONOMIC DEVELOPMENT,,2017-01-24,Berkman Klein,
http://wccpenang.org/,WOMR,WOMEN'S RIGHTS,,2017-01-24,Berkman Klein,
http://www.transparency.org.my/,POLT,POLITICAL,,2017-01-24,Berkman Klein,corruption index
http://www.wwfmalaysia.org/,ENV,ENVIRONMENT,,2017-01-24,Berkman Klein,WWF website Malaysia
https://www.webserver.com.my/,HOST,WEB HOSTING SITES & PORTALS,,2017-01-24,Berkman Klein,
http://www.webportal.com.my/,PLATFORM,SOCIAL MEDIA AND USER-GENERATED CONTENT PLATFORMS,,2017-01-24,Berkman Klein,
http://www.sabah.net.my/,MINR,MINORITY RIGHTS & ETHNIC CONTENT,,2017-01-24,Berkman Klein,
http://www.pas.org.my/,POLT,POLITICAL,,2017-01-24,Berkman Klein,oposition party website
http://umno-online.com/,POLT,POLITICAL,,2017-01-24,Berkman Klein,
http://www.snsm.org.my/,MINR,MINORITY RIGHTS & ETHNIC CONTENT,,2017-01-24,Berkman Klein,
"http://www.zdnetasia.com/downloads/pc/swinfo/0,39043052,39222404s,00.htm",ANON,ANONYMIZERS & CIRCUMVENTION,,2017-01-24,Berkman Klein,
http://www.petalingstreet.org/,HOST,WEB HOSTING SITES & PORTALS,,2017-01-24,Berkman Klein,
http://www.games.com.my/,GAME,GAMING,,2017-01-24,Berkman Klein,
http://www.historyofjihad.com/,MINR,MINORITY RIGHTS & ETHNIC CONTENT,,2017-01-24,Berkman Klein,
http://www.vanakkammalaysia.com/,FEXP,FREE EXPRESSION & ADVOCACY,,2017-01-24,Berkman Klein,
http://www.malaysiakini.tv/,FEXP,FREE EXPRESSION & ADVOCACY,,2017-01-24,Berkman Klein,many oposition news
http://www.ncwomalaysia.org.my/,WOMR,WOMEN'S RIGHTS,,2017-01-24,Berkman Klein,
http://www.ytl.com.my/,VOIP,VOICE OVER INTERNET PROTOCOL,,2017-01-24,Berkman Klein,
https://dinmerican.wordpress.com/2016/12/10/malaysias-human-rights-record-2016-is-annus-horribilis/,HUMR,HUMAN RIGHTS,,2017-01-24,Berkman Klein,reports on human rights violation 2016
http://beeg.com/,PORN,PORNOGRAPHY,,2017-01-24,Berkman Klein,
http://pornhub.com/,PORN,PORNOGRAPHY,,2017-01-24,Berkman Klein,
http://redtube.com/,PORN,PORNOGRAPHY,,2017-01-24,Berkman Klein,
http://www.89.com/,PORN,PORNOGRAPHY,,2017-01-24,Berkman Klein,
http://www.ashemaletube.com/,PORN,PORNOGRAPHY,,2017-01-24,Berkman Klein,
http://www.hustler.com/,PORN,PORNOGRAPHY,,2017-01-24,Berkman Klein,
http://www.livejasmin.com/,PORN,PORNOGRAPHY,,2017-01-24,Berkman Klein,
http://www.sex.com/,PORN,PORNOGRAPHY,,2017-01-24,Berkman Klein,
http://www.wetplace.com/,PORN,PORNOGRAPHY,,2017-01-24,Berkman Klein,
http://www.worldsex.com/,PORN,PORNOGRAPHY,,2017-01-24,Berkman Klein,
http://xhamster.com/,PORN,PORNOGRAPHY,,2017-01-24,Berkman Klein,
http://xvideos.com/,PORN,PORNOGRAPHY,,2017-01-24,Berkman Klein,
http://youjizz.com/,PORN,PORNOGRAPHY,,2017-01-24,Berkman Klein,
http://youporn.com/,PORN,PORNOGRAPHY,,2017-01-24,Berkman Klein,
http://www.888casino.com/,GMB,GAMBLING,,2017-01-24,Berkman Klein,
http://www.belmont.ag/,GMB,GAMBLING,,2017-01-24,Berkman Klein,
http://www.betfair.com/,GMB,GAMBLING,,2017-01-24,Berkman Klein,
http://www.carnivalcasino.com/,GMB,GAMBLING,,2017-01-24,Berkman Klein,
http://www.casinotropez.com/,GMB,GAMBLING,,2017-01-24,Berkman Klein,
http://www.clubdicecasino.com/,GMB,GAMBLING,,2017-01-24,Berkman Klein,
http://www.europacasino.com/,GMB,GAMBLING,,2017-01-24,Berkman Klein,
http://www.goldenrivieracasino.com/,GMB,GAMBLING,,2017-01-24,Berkman Klein,
http://www.roxypalace.com/,GMB,GAMBLING,,2017-01-24,Berkman Klein,
http://www.spinpalace.com/,GMB,GAMBLING,,2017-01-24,Berkman Klein,
http://extratorrent.cc/,WRZ,WAREZ,,2017-01-24,Berkman Klein,
https://torrentz.eu/,WRZ,WAREZ,,2017-01-24,Berkman Klein,
http://adultfriendfinder.com/,DATE,DATING,,2017-01-24,Berkman Klein,
http://www.thereligionofpeace.com/,REL,"RELIGIOUS CONVERSION, COMMENTARY, AND CRITICISM",,2017-01-24,Berkman Klein,
http://www.sarawakreport.org/2016/04/the-simple-silver-bullet-solution-to-1mdb-malaysias-financial-woes-sack-najib/,NEWS,NEWS AND MEDIA,,2017-01-24,Berkman Klein,
http://www.sarawakreport.org/tag/1mdb,NEWS,NEWS AND MEDIA,,2017-01-24,Berkman Klein,
http://sinarproject.org/en,FEXP,FREE EXPRESSION & ADVOCACY,,2017-01-24,Berkman Klein,
https://76crimes.com/anti-lgbt-laws-malaysia/,LGBT,,,2016-06-10,"Citizen Lab, OONI",
http://7rangers.blogspot.com/,POLR,,,2016-06-10,"Citizen Lab, OONI",
http://babeinthecitykl.blogspot.com/,CULTR,,,2016-06-10,"Citizen Lab, OONI",
http://bigdogdotcom.wordpress.com/,POLR,,,2016-06-10,"Citizen Lab, OONI",
http://break-a-leg.blogspot.com/,CULTR,,,2016-06-10,"Citizen Lab, OONI",
http://cartoonistsrights.org/designeractivist-fahmy-reza-on-trial-for-online-dissent-in-malaysia/,POLR,,,2016-06-10,"Citizen Lab, OONI",
http://chocoholicmemoirs.blogspot.com/,CULTR,,,2016-06-10,"Citizen Lab, OONI",
http://cuitsikit.blogspot.com/,POLR,,,2016-06-10,"Citizen Lab, OONI",
http://dahalmi.wordpress.com/,POLR,,,2016-06-10,"Citizen Lab, OONI",
http://dinturtle.blogspot.com/,POLR,,,2016-08-09,"Citizen Lab, sinarproject",
http://eatfirstthinklater.blogspot.com/,CULTR,,,2016-06-10,"Citizen Lab, OONI",
http://ec2-52-220-49-121.ap-southeast-1.compute.amazonaws.com/,NEWS,,,2017-01-12,"Citizen Lab, sinarproject",auto assigned AWS hostname used as alternate domain for Sarawak Report
http://ec2-52-76-110-27.ap-southeast-1.compute.amazonaws.com/,NEWS,,,2017-01-12,"Citizen Lab, sinarproject",auto assigned AWS hostname used as alternate domain for Sarawak Report
http://ec2-52-77-145-248.ap-southeast-1.compute.amazonaws.com/,NEWS,,,2017-01-12,"Citizen Lab, sinarproject",auto assigned AWS hostname used as alternate domain for Sarawak Report
http://ec2-54-251-147-140.ap-southeast-1.compute.amazonaws.com/,NEWS,,,2017-01-12,"Citizen Lab, sinarproject",auto assigned AWS hostname used as alternate domain for Sarawak Report
http://english.astroawani.com/malaysia-news/activist-fahmi-reza-released-after-being-arrested-saturday-107283,POLR,,,2016-06-10,"Citizen Lab, OONI",
http://fashionasia.blogspot.com/,CULTR,,,2016-06-10,"Citizen Lab, OONI",
http://foodaholic.wordpress.com/,CULTR,,,2016-06-10,"Citizen Lab, OONI",
http://foodcrazee.blogspot.com/,CULTR,,,2016-06-10,"Citizen Lab, OONI",
http://foodsafari.blogspot.com/,CULTR,,,2016-06-10,"Citizen Lab, OONI",
https://forum.lowyat.net/,GRP,,,2016-06-10,"Citizen Lab, OONI",
http://goody2screws.blogspot.com/,CULTR,,,2016-06-10,"Citizen Lab, OONI",
https://groups.yahoo.com/neo/groups/LPG-community/info,LGBT,,,2016-06-10,"Citizen Lab, OONI",
http://hokkienlang.blogsome.com/,CULTR,,,2016-06-10,"Citizen Lab, OONI",
http://howsy.blogspot.com/,POLR,,,2016-06-10,"Citizen Lab, OONI",
http://jameswongwingon-online.blogspot.com/,POLR,,,2016-06-10,"Citizen Lab, OONI",
http://jinggo-fotopages.blogspot.my/,POLR,,,2016-08-09,"Citizen Lab, sinarproject",
http://joanchew-1911.blogspot.com/,CULTR,,,2016-06-10,"Citizen Lab, OONI",
http://juliethebiscuit.blogspot.com/,CULTR,,,2016-06-10,"Citizen Lab, OONI",
http://kakicucuklangit.blogspot.com/,CULTR,,,2016-06-10,"Citizen Lab, OONI",
http://ktemoc.blogspot.com/,POLR,,,2016-06-10,"Citizen Lab, OONI",
http://littleguykitchen.blogspot.com/,CULTR,,,2016-06-10,"Citizen Lab, OONI",
http://lonestar9.blogspot.com/,POLR,,,2016-06-10,"Citizen Lab, OONI",
http://mahaguru58.blogspot.com/,POLR,,,2016-06-10,"Citizen Lab, OONI",
http://makankings.blogspot.com/,CULTR,,,2016-06-10,"Citizen Lab, OONI",
http://malaysiabest.net/,CULTR,,,2016-06-10,"Citizen Lab, OONI",
http://malaysiandigest.com/news/616020-activist-fahmi-reza-charged-with-uploading-ridiculing-images-of-pm.html,POLR,,,2016-06-10,"Citizen Lab, OONI",
http://masak-masak.blogspot.com/,CULTR,,,2016-06-10,"Citizen Lab, OONI",
http://mt.harapanmalaysia.com/2008/,POLR,,,2016-06-10,"Citizen Lab, OONI",
https://peoplestrustmalaysia.wordpress.com/2016/02/29/whats-wrong-with-criticising-najib-asks-activist-fahmireza/,POLR,,,2016-06-10,"Citizen Lab, OONI",
http://plonkwonk.blogspot.com/,CULTR,,,2016-06-10,"Citizen Lab, OONI",
http://powerpresent.blogspot.com/,POLR,,,2016-06-10,"Citizen Lab, OONI",
http://promotionsandsalesinmalaysia.blogspot.com/,CULTR,,,2016-06-10,"Citizen Lab, OONI",
http://queermalaysians.livejournal.com/,LGBT,,,2016-06-10,"Citizen Lab, OONI",
http://rockybru.blogspot.com/,POLR,,,2016-06-10,"Citizen Lab, OONI",
http://shopwithsouldoctor.blogspot.com/,CULTR,,,2016-06-10,"Citizen Lab, OONI",
http://simontalks.com/,CULTR,,,2016-06-10,"Citizen Lab, OONI",
http://spr.gov.my/,GOVT,,,2016-09-15,"Citizen Lab, sinarproject",
http://sprminsider.blogspot.com/,POLR,,,2017-04-06,"Citizen Lab, sinarproject",possible leaked anti corruption casefile on Najib Razak
http://study-islam.org/video/human-rights/religious-violence-malaysia,REL,,,2016-06-10,"Citizen Lab, OONI",
http://sultanmuzaffar.blogspot.com/,CULTR,,,2016-06-10,"Citizen Lab, OONI",
https://swk.global.ssl.fastly.net/,NEWS,,,2017-01-12,"Citizen Lab, sinarproject",Alternate domain for Sarawak Report
http://tabunginsider.blogspot.my/,POLR,,,2016-08-09,"Citizen Lab, sinarproject",
http://the-malaysian.blogspot.com/,POLR,,,2016-06-10,"Citizen Lab, OONI",
https://twitter.com/kuasasiswa,POLR,,,2016-06-10,"Citizen Lab, OONI",
http://viewtru.blogspot.com/,CULTR,,,2016-06-10,"Citizen Lab, OONI",
http://whereinsoever.wordpress.com/,CULTR,,,2016-06-10,"Citizen Lab, OONI",
http://www.aisehman.org/,POLR,,,2016-06-10,"Citizen Lab, OONI",
http://www.aljazeera.com/programmes/insidestory/2010/01/2010111134311885176.html,REL,,,2016-06-10,"Citizen Lab, OONI",
https://www.amnesty.org/en/countries/asia-and-the-pacific/malaysia/report-malaysia/,HUMR,,,2016-06-10,"Citizen Lab, OONI",
http://www.axcest.com/,LGBT,,,2016-06-10,"Citizen Lab, OONI",
http://www.bakrimusa.com/,POLR,,,2016-06-10,"Citizen Lab, OONI",
http://www.brandmalaysia.com/,POLR,,,2016-06-10,"Citizen Lab, OONI",
http://www.cnbc.com/2016/02/28/malaysia-suspends-party-official-probes-website-over-criticism-of-1mdb-scandal-wsj.html,POLR,,,2016-06-10,"Citizen Lab, OONI",
http://www.desiderata2000.blogspot.com/,POLR,,,2016-06-10,"Citizen Lab, OONI",
http://www.financetwitter.com/,POLR,,,2017-04-16,"Citizen Lab, sinarproject",blog on current local andinternational news blocked by MCMC
http://www.freemalaysiatoday.com/category/nation/2016/06/04/activist-fahmi-reza-detained-by-police/,POLR,,,2016-06-10,"Citizen Lab, OONI",
http://www.fridae.asia/,LGBT,,,2016-06-10,"Citizen Lab, OONI",
http://www.hollywoodreporter.com/news/red-granite-founder-riza-azizs-931041,POLR,,,2016-09-22,"Citizen Lab, sinarproject",news related to 1MDB
https://www.hrw.org/legacy/english/docs/2005/01/13/malays9822.htm,HUMR,,,2016-05-09,"Citizen Lab, sinarproject",
https://www.hrw.org/news/2016/05/13/dispatches-malaysian-corruption-scandal-threatens-free-speech,HUMR,,,2016-06-10,"Citizen Lab, OONI",
https://www.hrw.org/world-report/2015/country-chapters/malaysia,HUMR,,,2016-06-10,"Citizen Lab, OONI",
http://www.ibtimes.sg/released-malaysian-activist-fahmi-reza-says-you-cant-scare-me-break-my-spirit-1762,POLR,,,2016-06-10,"Citizen Lab, OONI",
http://www.kadirjasin.blogspot.com/,POLR,,,2016-06-10,"Citizen Lab, OONI",
http://www.kassimahmad.blogspot.com/,POLR,,,2016-06-10,"Citizen Lab, OONI",
http://www.kennysia.com/,CULTR,,,2016-06-10,"Citizen Lab, OONI",
http://www.littleblackbookmy.blogspot.com/,CULTR,,,2016-06-10,"Citizen Lab, OONI",
http://www.lucialai.org/,POLR,,,2016-06-10,"Citizen Lab, OONI",
http://www.makansakan.com/,CULTR,,,2016-06-10,"Citizen Lab, OONI",
https://www.malaysiakini.com/,NEWS,,,2016-06-10,"Citizen Lab, OONI",
https://www.malaysiakini.com/news/331711,POLR,,,2016-06-10,"Citizen Lab, OONI",
http://www.maverickysm.blogspot.com/,POLR,,,2016-06-10,"Citizen Lab, OONI",
http://www.mum-mum.info/blog.htm,CULTR,,,2016-06-10,"Citizen Lab, OONI",
http://www.niknazmi.com/wordpress/,POLR,,,2016-06-10,"Citizen Lab, OONI",
http://www.ohchr.org/Documents/Issues/IntLaw/PreventionStudy/NHRI/Human_Rights_Commission_Malaysia.pdf,HUMR,,,2016-06-10,"Citizen Lab, OONI",
https://www.outrightinternational.org/content/malaysia-must-recognize-and-stop-hostilities-toward-lgbt-people,LGBT,,,2016-06-10,"Citizen Lab, OONI",
http://www.prabaganesan.wordpress.com/,POLR,,,2016-06-10,"Citizen Lab, OONI",
http://www.pummkin.net/,CULTR,,,2016-06-10,"Citizen Lab, OONI",
http://www.purplelab.net/,LGBT,,,2016-06-10,"Citizen Lab, OONI",
https://www.researchgate.net/publication/30066578_Islam_and_violence_in_Malaysia,REL,,,2016-06-10,"Citizen Lab, OONI",
https://www.rnw.org/archive/religious-violence-escalates-malaysia,REL,,,2016-06-10,"Citizen Lab, OONI",
http://www.skthew.com/,POLR,,,2016-06-10,"Citizen Lab, OONI",
http://www.state.gov/documents/organization/236666.pdf,HUMR,,,2016-06-10,"Citizen Lab, OONI",
http://www.straitstimes.com/asia/se-asia/malaysian-punk-artist-fahmi-reza-clowns-with-scandal-hit-pm-najib,POLR,,,2016-06-10,"Citizen Lab, OONI",
https://www.theguardian.com/world/2016/mar/03/us-condems-ally-malaysia-for-attempts-to-muzzle-free-press,POLR,,,2016-06-10,"Citizen Lab, OONI",
http://www.thoughtsintangents.blogspot.com/,POLR,,,2016-06-10,"Citizen Lab, OONI",
http://www.tvsmith.my/,CULTR,,,2016-06-10,"Citizen Lab, OONI",
http://www.tvsmith.net.my/duasen/,CULTR,,,2016-06-10,"Citizen Lab, OONI",
http://www.whatalulu.blogspot.com/,POLR,,,2016-06-10,"Citizen Lab, OONI",
http://www.wsj.com/articles/malaysia-leader-lashes-out-against-his-critics-in-party-and-media-1456500740,POLR,,,2016-06-10,"Citizen Lab, OONI",
http://www.wsj.com/specialcoverage/malaysia-controversy,POLR,,,2016-06-10,"Citizen Lab, OONI",
http://www.xanga.com/kinkybluefairy,CULTR,,,2016-06-10,"Citizen Lab, OONI",
http://yasminthestoryteller.blogspot.com/,CULTR,,,2016-06-10,"Citizen Lab, OONI",
http://zorro-zorro-unmasked.blogspot.com/,POLR,,,2016-06-10,"Citizen Lab, OONI",
https://www.justice.gov/opa/pr/us-seeks-recover-approximately-540-million-obtained-corruption-involving-malaysian-sovereign,POLR,,,2017-06-16,"Citizen Lab, sinarproject",Second US DOJ filing on 1MDB announcement
https://www.justice.gov/opa/press-release/file/973671/download,POLR,,,2017-06-16,"Citizen Lab, sinarproject",Second US DOJ filing on 1MDB
http://www.patheos.com/,REL,,,2017-08-10,"Citizen Lab, sinarproject",religious dialogue website reportedly blocked
